<?xml version="1.0"?>
<!--<!DOCTYPE metadata SYSTEM "http://www.esri.com/metadata/esriprof80.dtd">-->
<metadata xml:lang="fi"><Esri><CreaDate>20190918</CreaDate><CreaTime>14374500</CreaTime><SyncOnce>FALSE</SyncOnce><DataProperties><lineage><Process ToolSource="C:\Program Files\ArcGIS\ArcToolbox\Toolboxes\Data Management Tools.tbx\CreateFeatureclass" Date="20091210" Time="151317">CreateFeatureclass "C:\Home\ksnabb\pehmo repository\Kysely\trunk\scripts\shapes" tekeminennegatpoint POINT # DISABLED DISABLED "PROJCS['Finland_Zone_3',GEOGCS['GCS_KKJ',DATUM['D_KKJ',SPHEROID['International_1924',6378388.0,297.0]],PRIMEM['Greenwich',0.0],UNIT['Degree',0.0174532925199433]],PROJECTION['Gauss_Kruger'],PARAMETER['False_Easting',3500000.0],PARAMETER['False_Northing',0.0],PARAMETER['Central_Meridian',27.0],PARAMETER['Scale_Factor',1.0],PARAMETER['Latitude_Of_Origin',0.0],UNIT['Meter',1.0]];-2123400 -10002400 10000;#;#;0,001;#;#;IsHighPrecision" # 0 0 0 "C:\Home\ksnabb\pehmo repository\Kysely\trunk\scripts\shapes\tekeminennegatpoint.shp"</Process><Process ToolSource="C:\Program Files\ArcGIS\ArcToolbox\Toolboxes\Data Management Tools.tbx\AddField" Date="20091210" Time="151317">AddField ./shapes/tekeminennegatpoint.shp TYPE TEXT # # # # NON_NULLABLE NON_REQUIRED # ./shapes/tekeminennegatpoint.shp</Process><Process ToolSource="C:\Program Files\ArcGIS\ArcToolbox\Toolboxes\Data Management Tools.tbx\AddField" Date="20091210" Time="151317">AddField ./shapes/tekeminennegatpoint.shp GEOM TEXT # # # # NON_NULLABLE NON_REQUIRED # ./shapes/tekeminennegatpoint.shp</Process><Process ToolSource="C:\Program Files\ArcGIS\ArcToolbox\Toolboxes\Data Management Tools.tbx\AddField" Date="20091210" Time="151317">AddField ./shapes/tekeminennegatpoint.shp userid SHORT # # # # NON_NULLABLE NON_REQUIRED # ./shapes/tekeminennegatpoint.shp</Process><Process ToolSource="C:\Program Files\ArcGIS\ArcToolbox\Toolboxes\Data Management Tools.tbx\AddField" Date="20091210" Time="151317">AddField ./shapes/tekeminennegatpoint.shp omaelamato TEXT # # # # NON_NULLABLE NON_REQUIRED # ./shapes/tekeminennegatpoint.shp</Process><Process ToolSource="C:\Program Files\ArcGIS\ArcToolbox\Toolboxes\Data Management Tools.tbx\AddField" Date="20091210" Time="151317">AddField ./shapes/tekeminennegatpoint.shp kavtaipyor TEXT # # # # NON_NULLABLE NON_REQUIRED # ./shapes/tekeminennegatpoint.shp</Process><Process ToolSource="C:\Program Files\ArcGIS\ArcToolbox\Toolboxes\Data Management Tools.tbx\AddField" Date="20091210" Time="151317">AddField ./shapes/tekeminennegatpoint.shp kulttuurie TEXT # # # # NON_NULLABLE NON_REQUIRED # ./shapes/tekeminennegatpoint.shp</Process><Process ToolSource="C:\Program Files\ArcGIS\ArcToolbox\Toolboxes\Data Management Tools.tbx\AddField" Date="20091210" Time="151317">AddField ./shapes/tekeminennegatpoint.shp omaKriteer TEXT # # # # NON_NULLABLE NON_REQUIRED # ./shapes/tekeminennegatpoint.shp</Process><Process ToolSource="C:\Program Files\ArcGIS\ArcToolbox\Toolboxes\Data Management Tools.tbx\AddField" Date="20091210" Time="151317">AddField ./shapes/tekeminennegatpoint.shp omaKriteer TEXT # # # # NON_NULLABLE NON_REQUIRED # ./shapes/tekeminennegatpoint.shp</Process><Process ToolSource="C:\Program Files\ArcGIS\ArcToolbox\Toolboxes\Data Management Tools.tbx\AddField" Date="20091210" Time="151317">AddField ./shapes/tekeminennegatpoint.shp palvelut TEXT # # # # NON_NULLABLE NON_REQUIRED # ./shapes/tekeminennegatpoint.shp</Process><Process ToolSource="C:\Program Files\ArcGIS\ArcToolbox\Toolboxes\Data Management Tools.tbx\AddField" Date="20091210" Time="151317">AddField ./shapes/tekeminennegatpoint.shp harjatekem TEXT # # # # NON_NULLABLE NON_REQUIRED # ./shapes/tekeminennegatpoint.shp</Process><Process ToolSource="C:\Program Files\ArcGIS\ArcToolbox\Toolboxes\Data Management Tools.tbx\AddField" Date="20091210" Time="151317">AddField ./shapes/tekeminennegatpoint.shp autoliikku TEXT # # # # NON_NULLABLE NON_REQUIRED # ./shapes/tekeminennegatpoint.shp</Process><Process ToolSource="C:\Program Files\ArcGIS\ArcToolbox\Toolboxes\Data Management Tools.tbx\AddField" Date="20091210" Time="151317">AddField ./shapes/tekeminennegatpoint.shp julkiliikk TEXT # # # # NON_NULLABLE NON_REQUIRED # ./shapes/tekeminennegatpoint.shp</Process><Process ToolSource="C:\Program Files\ArcGIS\ArcToolbox\Toolboxes\Data Management Tools.tbx\AddField" Date="20091210" Time="151317">AddField ./shapes/tekeminennegatpoint.shp liikennetu TEXT # # # # NON_NULLABLE NON_REQUIRED # ./shapes/tekeminennegatpoint.shp</Process><Process ToolSource="c:\program files (x86)\arcgis\desktop10.6\ArcToolbox\Toolboxes\Data Management Tools.tbx\CalculateField" Date="20190912" Time="141304">CalculateField tekeminennegatpoint uid [userid]+910000 VB #</Process><Process ToolSource="c:\program files (x86)\arcgis\desktop10.6\ArcToolbox\Toolboxes\Data Management Tools.tbx\CalculateField" Date="20190912" Time="141317">CalculateField tekeminennegatpoint Qual_Type "Functional" VB #</Process><Process ToolSource="c:\program files (x86)\arcgis\desktop10.6\ArcToolbox\Toolboxes\Data Management Tools.tbx\CalculateField" Date="20190912" Time="141333">CalculateField tekeminennegatpoint Quality "negative" VB #</Process><Process ToolSource="c:\program files (x86)\arcgis\desktop10.6\ArcToolbox\Toolboxes\Data Management Tools.tbx\Merge" Date="20190912" Time="143138">Merge tekeminennegatpoint;sosiaalinenpositpoint;sosiaalinennegatpoint;ilmepositpoint;ilmenegatpoint;ilmapiiripositpoint;ilmapiirinegatpoint;tekeminenpositpoint "Y:\OpenParticipatoryMappingData\Datasets\Data_files\Urbaani onni_2009\helsinki\ExperiencePoints_All_Helsinki.shp" "Id "Id" true true false 6 Long 0 6 ,First,#,tekeminennegatpoint,Id,-1,-1,sosiaalinenpositpoint,Id,-1,-1,sosiaalinennegatpoint,Id,-1,-1,ilmepositpoint,Id,-1,-1,ilmenegatpoint,Id,-1,-1,ilmapiiripositpoint,Id,-1,-1,ilmapiirinegatpoint,Id,-1,-1,tekeminenpositpoint,Id,-1,-1;TYPE "TYPE" true true false 254 Text 0 0 ,First,#,tekeminennegatpoint,TYPE,-1,-1,sosiaalinenpositpoint,TYPE,-1,-1,sosiaalinennegatpoint,TYPE,-1,-1,ilmepositpoint,TYPE,-1,-1,ilmenegatpoint,TYPE,-1,-1,ilmapiiripositpoint,TYPE,-1,-1,ilmapiirinegatpoint,TYPE,-1,-1,tekeminenpositpoint,TYPE,-1,-1;GEOM "GEOM" true true false 254 Text 0 0 ,First,#,tekeminennegatpoint,GEOM,-1,-1,sosiaalinenpositpoint,GEOM,-1,-1,sosiaalinennegatpoint,GEOM,-1,-1,ilmepositpoint,GEOM,-1,-1,ilmenegatpoint,GEOM,-1,-1,ilmapiiripositpoint,GEOM,-1,-1,ilmapiirinegatpoint,GEOM,-1,-1,tekeminenpositpoint,GEOM,-1,-1;userid "userid" true true false 4 Short 0 4 ,First,#,tekeminennegatpoint,userid,-1,-1,sosiaalinenpositpoint,userid,-1,-1,sosiaalinennegatpoint,userid,-1,-1,ilmepositpoint,userid,-1,-1,ilmenegatpoint,userid,-1,-1,ilmapiiripositpoint,userid,-1,-1,ilmapiirinegatpoint,userid,-1,-1,tekeminenpositpoint,userid,-1,-1;omaelamato "omaelamato" true true false 254 Text 0 0 ,First,#,tekeminennegatpoint,omaelamato,-1,-1,tekeminenpositpoint,omaelamato,-1,-1;kavtaipyor "kavtaipyor" true true false 254 Text 0 0 ,First,#,tekeminennegatpoint,kavtaipyor,-1,-1,tekeminenpositpoint,kavtaipyor,-1,-1;kulttuurie "kulttuurie" true true false 254 Text 0 0 ,First,#,tekeminennegatpoint,kulttuurie,-1,-1,tekeminenpositpoint,kulttuurie,-1,-1;omaKriteer "omaKriteer" true true false 254 Text 0 0 ,First,#,tekeminennegatpoint,omaKriteer,-1,-1,sosiaalinenpositpoint,omaKriteer,-1,-1,sosiaalinennegatpoint,omaKriteer,-1,-1,ilmepositpoint,omaKriteer,-1,-1,ilmenegatpoint,omaKriteer,-1,-1,ilmapiiripositpoint,omaKriteer,-1,-1,ilmapiirinegatpoint,omaKriteer,-1,-1,tekeminenpositpoint,omaKriteer,-1,-1;palvelut "palvelut" true true false 254 Text 0 0 ,First,#,tekeminennegatpoint,palvelut,-1,-1,tekeminenpositpoint,palvelut,-1,-1;harjatekem "harjatekem" true true false 254 Text 0 0 ,First,#,tekeminennegatpoint,harjatekem,-1,-1,tekeminenpositpoint,harjatekem,-1,-1;autoliikku "autoliikku" true true false 254 Text 0 0 ,First,#,tekeminennegatpoint,autoliikku,-1,-1,tekeminenpositpoint,autoliikku,-1,-1;julkiliikk "julkiliikk" true true false 254 Text 0 0 ,First,#,tekeminennegatpoint,julkiliikk,-1,-1,tekeminenpositpoint,julkiliikk,-1,-1;liikennetu "liikennetu" true true false 254 Text 0 0 ,First,#,tekeminennegatpoint,liikennetu,-1,-1,tekeminenpositpoint,liikennetu,-1,-1;uid "uid" true true false 10 Long 0 10 ,First,#,tekeminennegatpoint,uid,-1,-1,sosiaalinenpositpoint,uid,-1,-1,sosiaalinennegatpoint,uid,-1,-1,ilmepositpoint,uid,-1,-1,ilmenegatpoint,uid,-1,-1,ilmapiiripositpoint,uid,-1,-1,ilmapiirinegatpoint,uid,-1,-1,tekeminenpositpoint,uid,-1,-1;Qual_Type "Qual_Type" true true false 50 Text 0 0 ,First,#,tekeminennegatpoint,Qual_Type,-1,-1,sosiaalinenpositpoint,Qual_Type,-1,-1,sosiaalinennegatpoint,Qual_Type,-1,-1,ilmepositpoint,Qual_Type,-1,-1,ilmenegatpoint,Qual_Type,-1,-1,ilmapiiripositpoint,Qual_Type,-1,-1,ilmapiirinegatpoint,Qual_Type,-1,-1,tekeminenpositpoint,Qual_Type,-1,-1;Quality "Quality" true true false 50 Text 0 0 ,First,#,tekeminennegatpoint,Quality,-1,-1,sosiaalinenpositpoint,Quality,-1,-1,sosiaalinennegatpoint,Quality,-1,-1,ilmepositpoint,Quality,-1,-1,ilmenegatpoint,Quality,-1,-1,ilmapiiripositpoint,Quality,-1,-1,ilmapiirinegatpoint,Quality,-1,-1,tekeminenpositpoint,Quality,-1,-1;aluemain "aluemain" true true false 254 Text 0 0 ,First,#,sosiaalinenpositpoint,aluemain,-1,-1,sosiaalinennegatpoint,aluemain,-1,-1;asukkirj "asukkirj" true true false 254 Text 0 0 ,First,#,sosiaalinenpositpoint,asukkirj,-1,-1,sosiaalinennegatpoint,asukkirj,-1,-1;huolympa "huolympa" true true false 254 Text 0 0 ,First,#,sosiaalinenpositpoint,huolympa,-1,-1,sosiaalinennegatpoint,huolympa,-1,-1;naapyhte "naapyhte" true true false 254 Text 0 0 ,First,#,sosiaalinenpositpoint,naapyhte,-1,-1,sosiaalinennegatpoint,naapyhte,-1,-1;sosielam "sosielam" true true false 254 Text 0 0 ,First,#,sosiaalinenpositpoint,sosielam,-1,-1,sosiaalinennegatpoint,sosielam,-1,-1;sositurv "sositurv" true true false 254 Text 0 0 ,First,#,sosiaalinenpositpoint,sositurv,-1,-1,sosiaalinennegatpoint,sositurv,-1,-1;tarkihmi "tarkihmi" true true false 254 Text 0 0 ,First,#,sosiaalinenpositpoint,tarkihmi,-1,-1,sosiaalinennegatpoint,tarkihmi,-1,-1;valittoisi "valittoisi" true true false 254 Text 0 0 ,First,#,sosiaalinenpositpoint,valittoisi,-1,-1,sosiaalinennegatpoint,valittoisi,-1,-1;Imp "Imp" true true false 4 Short 0 4 ,First,#,sosiaalinenpositpoint,Imp,-1,-1,sosiaalinennegatpoint,Imp,-1,-1;asuminenHi "asuminenHi" true true false 254 Text 0 0 ,First,#,ilmepositpoint,asuminenHi,-1,-1,ilmenegatpoint,asuminenHi,-1,-1;histHavina "histHavina" true true false 254 Text 0 0 ,First,#,ilmepositpoint,histHavina,-1,-1,ilmenegatpoint,histHavina,-1,-1;rakennusTi "rakennusTi" true true false 254 Text 0 0 ,First,#,ilmepositpoint,rakennusTi,-1,-1,ilmenegatpoint,rakennusTi,-1,-1;rakennusVa "rakennusVa" true true false 254 Text 0 0 ,First,#,ilmepositpoint,rakennusVa,-1,-1,ilmenegatpoint,rakennusVa,-1,-1;ympariston "ympariston" true true false 254 Text 0 0 ,First,#,ilmepositpoint,ympariston,-1,-1,ilmenegatpoint,ympariston,-1,-1;ympVaikutu "ympVaikutu" true true false 254 Text 0 0 ,First,#,ilmepositpoint,ympVaikutu,-1,-1,ilmenegatpoint,ympVaikutu,-1,-1;ympViimeis "ympViimeis" true true false 254 Text 0 0 ,First,#,ilmepositpoint,ympViimeis,-1,-1,ilmenegatpoint,ympViimeis,-1,-1;elav "elav" true true false 254 Text 0 0 ,First,#,ilmapiiripositpoint,elav,-1,-1,ilmapiirinegatpoint,elav,-1,-1;kuts "kuts" true true false 254 Text 0 0 ,First,#,ilmapiiripositpoint,kuts,-1,-1,ilmapiirinegatpoint,kuts,-1,-1;lapsysta "lapsysta" true true false 254 Text 0 0 ,First,#,ilmapiiripositpoint,lapsysta,-1,-1,ilmapiirinegatpoint,lapsysta,-1,-1;luonlahe "luonlahe" true true false 254 Text 0 0 ,First,#,ilmapiiripositpoint,luonlahe,-1,-1,ilmapiirinegatpoint,luonlahe,-1,-1;meluhilj "meluhilj" true true false 254 Text 0 0 ,First,#,ilmapiiripositpoint,meluhilj,-1,-1,ilmapiirinegatpoint,meluhilj,-1,-1;rauh "rauh" true true false 254 Text 0 0 ,First,#,ilmapiiripositpoint,rauh,-1,-1,ilmapiirinegatpoint,rauh,-1,-1;saas "saas" true true false 254 Text 0 0 ,First,#,ilmapiiripositpoint,saas,-1,-1,ilmapiirinegatpoint,saas,-1,-1;ylla "ylla" true true false 254 Text 0 0 ,First,#,ilmapiiripositpoint,ylla,-1,-1,ilmapiirinegatpoint,ylla,-1,-1"</Process><Process ToolSource="c:\program files (x86)\arcgis\desktop10.6\ArcToolbox\Toolboxes\Data Management Tools.tbx\CopyFeatures" Date="20190912" Time="144417">CopyFeatures ExperiencePoints_All_Helsinki "Y:\OpenParticipatoryMappingData\Datasets\Data_files\Urbaani onni_2009\anonymization\Anonymized\ready_files\ExperiencePoints_All_Helsink_an.shp" # 0 0 0</Process><Process ToolSource="c:\program files (x86)\arcgis\desktop10.6\ArcToolbox\Toolboxes\Data Management Tools.tbx\DeleteField" Date="20190912" Time="144836">DeleteField ExperiencePoints_All_Helsink_an Id;TYPE;GEOM;userid;aluemain;asukkirj;huolympa;naapyhte;omaKriteer;sosielam;sositurv;tarkihmi;valittoisi;asuminenHi;histHavina;rakennusTi;rakennusVa;ympariston;ympVaikutu;ympViimeis;elav;kuts;lapsysta;luonlahe;meluhilj;rauh;saas;ylla;autoliikku;harjatekem;julkiliikk;kavtaipyor;kulttuurie;liikennetu;omaelamato;palvelut</Process><Process ToolSource="c:\program files (x86)\arcgis\desktop10.6\ArcToolbox\Toolboxes\Data Management Tools.tbx\Project" Date="20190918" Time="143747">Project ExperiencePoints_All_Helsink X:\Prepared_Datasets\UrbanOnni2009\UrbanHappiness2012_Anonymized\prj\ExperiencePoints_All_Helsinki.shp PROJCS['EUREF_FIN_TM35FIN',GEOGCS['GCS_EUREF_FIN',DATUM['D_ETRS_1989',SPHEROID['GRS_1980',6378137.0,298.257222101]],PRIMEM['Greenwich',0.0],UNIT['Degree',0.0174532925199433]],PROJECTION['Transverse_Mercator'],PARAMETER['False_Easting',500000.0],PARAMETER['False_Northing',0.0],PARAMETER['Central_Meridian',27.0],PARAMETER['Scale_Factor',0.9996],PARAMETER['Latitude_Of_Origin',0.0],UNIT['Meter',1.0]] KKJ_To_EUREF_FIN PROJCS['Finland_Zone_3',GEOGCS['GCS_KKJ',DATUM['D_KKJ',SPHEROID['International_1924',6378388.0,297.0]],PRIMEM['Greenwich',0.0],UNIT['Degree',0.0174532925199433]],PROJECTION['Gauss_Kruger'],PARAMETER['False_Easting',3500000.0],PARAMETER['False_Northing',0.0],PARAMETER['Central_Meridian',27.0],PARAMETER['Scale_Factor',1.0],PARAMETER['Latitude_Of_Origin',0.0],UNIT['Meter',1.0]] NO_PRESERVE_SHAPE # NO_VERTICAL</Process></lineage><itemProps><itemLocation><linkage Sync="TRUE">file://\\teamwork.org.aalto.fi\T213\T21303\OpenSoftGIS\Prepared_Datasets\UrbanOnni2009\UrbanHappiness2012_Anonymized\ExperiencePoints_All_Helsinki</linkage><protocol Sync="TRUE">Local Area Network</protocol></itemLocation><itemName Sync="TRUE">ExperiencePoints_All_Helsink_an</itemName><imsContentType Sync="TRUE">002</imsContentType><itemSize Sync="TRUE">0.000</itemSize></itemProps><copyHistory><copy source="X:\Prepared_Datasets\UrbanOnni2009\UrbanHappiness2012_Anonymized\prj\ExperiencePoints_All_Helsinki" dest="\\teamwork.org.aalto.fi\T213\T21303\OpenSoftGIS\Prepared_Datasets\UrbanOnni2009\UrbanHappiness2012_Anonymized\ExperiencePoints_All_Helsinki" date="20190918" time="14393000"></copy></copyHistory><coordRef><type Sync="TRUE">Projected</type><geogcsn Sync="TRUE">GCS_KKJ</geogcsn><csUnits Sync="TRUE">Linear Unit: Meter (1.000000)</csUnits><projcsn Sync="TRUE">Finland_Zone_3</projcsn><peXml Sync="TRUE">&lt;ProjectedCoordinateSystem xsi:type='typens:ProjectedCoordinateSystem' xmlns:xsi='http://www.w3.org/2001/XMLSchema-instance' xmlns:xs='http://www.w3.org/2001/XMLSchema' xmlns:typens='http://www.esri.com/schemas/ArcGIS/10.6'&gt;&lt;WKT&gt;PROJCS[&amp;quot;Finland_Zone_3&amp;quot;,GEOGCS[&amp;quot;GCS_KKJ&amp;quot;,DATUM[&amp;quot;D_KKJ&amp;quot;,SPHEROID[&amp;quot;International_1924&amp;quot;,6378388.0,297.0]],PRIMEM[&amp;quot;Greenwich&amp;quot;,0.0],UNIT[&amp;quot;Degree&amp;quot;,0.0174532925199433]],PROJECTION[&amp;quot;Gauss_Kruger&amp;quot;],PARAMETER[&amp;quot;False_Easting&amp;quot;,3500000.0],PARAMETER[&amp;quot;False_Northing&amp;quot;,0.0],PARAMETER[&amp;quot;Central_Meridian&amp;quot;,27.0],PARAMETER[&amp;quot;Scale_Factor&amp;quot;,1.0],PARAMETER[&amp;quot;Latitude_Of_Origin&amp;quot;,0.0],UNIT[&amp;quot;Meter&amp;quot;,1.0],AUTHORITY[&amp;quot;EPSG&amp;quot;,2393]]&lt;/WKT&gt;&lt;XOrigin&gt;-2123400&lt;/XOrigin&gt;&lt;YOrigin&gt;-10002400&lt;/YOrigin&gt;&lt;XYScale&gt;450251902.2805022&lt;/XYScale&gt;&lt;ZOrigin&gt;-100000&lt;/ZOrigin&gt;&lt;ZScale&gt;10000&lt;/ZScale&gt;&lt;MOrigin&gt;-100000&lt;/MOrigin&gt;&lt;MScale&gt;10000&lt;/MScale&gt;&lt;XYTolerance&gt;0.001&lt;/XYTolerance&gt;&lt;ZTolerance&gt;0.001&lt;/ZTolerance&gt;&lt;MTolerance&gt;0.001&lt;/MTolerance&gt;&lt;HighPrecision&gt;true&lt;/HighPrecision&gt;&lt;WKID&gt;2393&lt;/WKID&gt;&lt;LatestWKID&gt;2393&lt;/LatestWKID&gt;&lt;/ProjectedCoordinateSystem&gt;</peXml></coordRef></DataProperties><ArcGISstyle>INSPIRE Metadata Directive</ArcGISstyle><SyncDate>20190912</SyncDate><SyncTime>14441200</SyncTime><ModDate>20190912</ModDate><ModTime>14441200</ModTime><ArcGISFormat>1.0</ArcGISFormat></Esri><dataIdInfo><envirDesc Sync="TRUE"> Version 6.2 (Build 9200) ; Esri ArcGIS 10.6.0.8321</envirDesc><dataLang><languageCode value="eng" Sync="TRUE"></languageCode><countryCode value="150" Sync="TRUE"></countryCode></dataLang><idCitation><resTitle Sync="TRUE">ExperiencePoints_All_Helsink_an</resTitle><presForm><PresFormCd value="005" Sync="TRUE"></PresFormCd></presForm></idCitation><spatRpType><SpatRepTypCd value="001" Sync="TRUE"></SpatRepTypCd></spatRpType></dataIdInfo><mdLang><languageCode value="eng" Sync="TRUE"></languageCode><countryCode value="150" Sync="TRUE"></countryCode></mdLang><distInfo><distFormat><formatName Sync="TRUE">Shapefile</formatName></distFormat><distTranOps><transSize Sync="TRUE">0.000</transSize></distTranOps></distInfo><mdHrLv><ScopeCd value="005" Sync="TRUE"></ScopeCd></mdHrLv><mdHrLvName Sync="TRUE">dataset</mdHrLvName><refSysInfo><RefSystem><refSysID><identCode code="2393" Sync="TRUE"></identCode><idCodeSpace Sync="TRUE">EPSG</idCodeSpace><idVersion Sync="TRUE">7.5.1(4.0.0)</idVersion></refSysID></RefSystem></refSysInfo><spatRepInfo><VectSpatRep><geometObjs Name="ExperiencePoints_All_Helsink_an"><geoObjTyp><GeoObjTypCd value="004" Sync="TRUE"></GeoObjTypCd></geoObjTyp><geoObjCnt Sync="TRUE">0</geoObjCnt></geometObjs><topLvl><TopoLevCd value="001" Sync="TRUE"></TopoLevCd></topLvl></VectSpatRep></spatRepInfo><spdoinfo><ptvctinf><esriterm Name="ExperiencePoints_All_Helsink_an"><efeatyp Sync="TRUE">Simple</efeatyp><efeageom code="1" Sync="TRUE"></efeageom><esritopo Sync="TRUE">FALSE</esritopo><efeacnt Sync="TRUE">0</efeacnt><spindex Sync="TRUE">FALSE</spindex><linrefer Sync="TRUE">FALSE</linrefer></esriterm></ptvctinf></spdoinfo><eainfo><detailed Name="ExperiencePoints_All_Helsink_an"><enttyp><enttypl Sync="TRUE">ExperiencePoints_All_Helsink_an</enttypl><enttypt Sync="TRUE">Feature Class</enttypt><enttypc Sync="TRUE">0</enttypc></enttyp><attr><attrlabl Sync="TRUE">FID</attrlabl><attalias Sync="TRUE">FID</attalias><attrtype Sync="TRUE">OID</attrtype><attwidth Sync="TRUE">4</attwidth><atprecis Sync="TRUE">0</atprecis><attscale Sync="TRUE">0</attscale><attrdef Sync="TRUE">Internal feature number.</attrdef><attrdefs Sync="TRUE">Esri</attrdefs><attrdomv><udom Sync="TRUE">Sequential unique whole numbers that are automatically generated.</udom></attrdomv></attr><attr><attrlabl Sync="TRUE">Shape</attrlabl><attalias Sync="TRUE">Shape</attalias><attrtype Sync="TRUE">Geometry</attrtype><attwidth Sync="TRUE">0</attwidth><atprecis Sync="TRUE">0</atprecis><attscale Sync="TRUE">0</attscale><attrdef Sync="TRUE">Feature geometry.</attrdef><attrdefs Sync="TRUE">Esri</attrdefs><attrdomv><udom Sync="TRUE">Coordinates defining the features.</udom></attrdomv></attr><attr><attrlabl Sync="TRUE">Id</attrlabl><attalias Sync="TRUE">Id</attalias><attrtype Sync="TRUE">Integer</attrtype><attwidth Sync="TRUE">10</attwidth><atprecis Sync="TRUE">10</atprecis><attscale Sync="TRUE">0</attscale></attr><attr><attrlabl Sync="TRUE">TYPE</attrlabl><attalias Sync="TRUE">TYPE</attalias><attrtype Sync="TRUE">String</attrtype><attwidth Sync="TRUE">254</attwidth><atprecis Sync="TRUE">0</atprecis><attscale Sync="TRUE">0</attscale></attr><attr><attrlabl Sync="TRUE">GEOM</attrlabl><attalias Sync="TRUE">GEOM</attalias><attrtype Sync="TRUE">String</attrtype><attwidth Sync="TRUE">254</attwidth><atprecis Sync="TRUE">0</atprecis><attscale Sync="TRUE">0</attscale></attr><attr><attrlabl Sync="TRUE">userid</attrlabl><attalias Sync="TRUE">userid</attalias><attrtype Sync="TRUE">Integer</attrtype><attwidth Sync="TRUE">10</attwidth><atprecis Sync="TRUE">10</atprecis><attscale Sync="TRUE">0</attscale></attr><attr><attrlabl Sync="TRUE">omaelamato</attrlabl><attalias Sync="TRUE">omaelamato</attalias><attrtype Sync="TRUE">String</attrtype><attwidth Sync="TRUE">254</attwidth><atprecis Sync="TRUE">0</atprecis><attscale Sync="TRUE">0</attscale></attr><attr><attrlabl Sync="TRUE">kavtaipyor</attrlabl><attalias Sync="TRUE">kavtaipyor</attalias><attrtype Sync="TRUE">String</attrtype><attwidth Sync="TRUE">254</attwidth><atprecis Sync="TRUE">0</atprecis><attscale Sync="TRUE">0</attscale></attr><attr><attrlabl Sync="TRUE">kulttuurie</attrlabl><attalias Sync="TRUE">kulttuurie</attalias><attrtype Sync="TRUE">String</attrtype><attwidth Sync="TRUE">254</attwidth><atprecis Sync="TRUE">0</atprecis><attscale Sync="TRUE">0</attscale></attr><attr><attrlabl Sync="TRUE">omaKriteer</attrlabl><attalias Sync="TRUE">omaKriteer</attalias><attrtype Sync="TRUE">String</attrtype><attwidth Sync="TRUE">254</attwidth><atprecis Sync="TRUE">0</atprecis><attscale Sync="TRUE">0</attscale></attr><attr><attrlabl Sync="TRUE">palvelut</attrlabl><attalias Sync="TRUE">palvelut</attalias><attrtype Sync="TRUE">String</attrtype><attwidth Sync="TRUE">254</attwidth><atprecis Sync="TRUE">0</atprecis><attscale Sync="TRUE">0</attscale></attr><attr><attrlabl Sync="TRUE">harjatekem</attrlabl><attalias Sync="TRUE">harjatekem</attalias><attrtype Sync="TRUE">String</attrtype><attwidth Sync="TRUE">254</attwidth><atprecis Sync="TRUE">0</atprecis><attscale Sync="TRUE">0</attscale></attr><attr><attrlabl Sync="TRUE">autoliikku</attrlabl><attalias Sync="TRUE">autoliikku</attalias><attrtype Sync="TRUE">String</attrtype><attwidth Sync="TRUE">254</attwidth><atprecis Sync="TRUE">0</atprecis><attscale Sync="TRUE">0</attscale></attr><attr><attrlabl Sync="TRUE">julkiliikk</attrlabl><attalias Sync="TRUE">julkiliikk</attalias><attrtype Sync="TRUE">String</attrtype><attwidth Sync="TRUE">254</attwidth><atprecis Sync="TRUE">0</atprecis><attscale Sync="TRUE">0</attscale></attr><attr><attrlabl Sync="TRUE">liikennetu</attrlabl><attalias Sync="TRUE">liikennetu</attalias><attrtype Sync="TRUE">String</attrtype><attwidth Sync="TRUE">254</attwidth><atprecis Sync="TRUE">0</atprecis><attscale Sync="TRUE">0</attscale></attr><attr><attrlabl Sync="TRUE">uid</attrlabl><attalias Sync="TRUE">uid</attalias><attrtype Sync="TRUE">Integer</attrtype><attwidth Sync="TRUE">10</attwidth><atprecis Sync="TRUE">10</atprecis><attscale Sync="TRUE">0</attscale></attr><attr><attrlabl Sync="TRUE">Qual_Type</attrlabl><attalias Sync="TRUE">Qual_Type</attalias><attrtype Sync="TRUE">String</attrtype><attwidth Sync="TRUE">50</attwidth><atprecis Sync="TRUE">0</atprecis><attscale Sync="TRUE">0</attscale></attr><attr><attrlabl Sync="TRUE">Quality</attrlabl><attalias Sync="TRUE">Quality</attalias><attrtype Sync="TRUE">String</attrtype><attwidth Sync="TRUE">50</attwidth><atprecis Sync="TRUE">0</atprecis><attscale Sync="TRUE">0</attscale></attr><attr><attrlabl Sync="TRUE">aluemain</attrlabl><attalias Sync="TRUE">aluemain</attalias><attrtype Sync="TRUE">String</attrtype><attwidth Sync="TRUE">254</attwidth><atprecis Sync="TRUE">0</atprecis><attscale Sync="TRUE">0</attscale></attr><attr><attrlabl Sync="TRUE">asukkirj</attrlabl><attalias Sync="TRUE">asukkirj</attalias><attrtype Sync="TRUE">String</attrtype><attwidth Sync="TRUE">254</attwidth><atprecis Sync="TRUE">0</atprecis><attscale Sync="TRUE">0</attscale></attr><attr><attrlabl Sync="TRUE">huolympa</attrlabl><attalias Sync="TRUE">huolympa</attalias><attrtype Sync="TRUE">String</attrtype><attwidth Sync="TRUE">254</attwidth><atprecis Sync="TRUE">0</atprecis><attscale Sync="TRUE">0</attscale></attr><attr><attrlabl Sync="TRUE">naapyhte</attrlabl><attalias Sync="TRUE">naapyhte</attalias><attrtype Sync="TRUE">String</attrtype><attwidth Sync="TRUE">254</attwidth><atprecis Sync="TRUE">0</atprecis><attscale Sync="TRUE">0</attscale></attr><attr><attrlabl Sync="TRUE">sosielam</attrlabl><attalias Sync="TRUE">sosielam</attalias><attrtype Sync="TRUE">String</attrtype><attwidth Sync="TRUE">254</attwidth><atprecis Sync="TRUE">0</atprecis><attscale Sync="TRUE">0</attscale></attr><attr><attrlabl Sync="TRUE">sositurv</attrlabl><attalias Sync="TRUE">sositurv</attalias><attrtype Sync="TRUE">String</attrtype><attwidth Sync="TRUE">254</attwidth><atprecis Sync="TRUE">0</atprecis><attscale Sync="TRUE">0</attscale></attr><attr><attrlabl Sync="TRUE">tarkihmi</attrlabl><attalias Sync="TRUE">tarkihmi</attalias><attrtype Sync="TRUE">String</attrtype><attwidth Sync="TRUE">254</attwidth><atprecis Sync="TRUE">0</atprecis><attscale Sync="TRUE">0</attscale></attr><attr><attrlabl Sync="TRUE">valittoisi</attrlabl><attalias Sync="TRUE">valittoisi</attalias><attrtype Sync="TRUE">String</attrtype><attwidth Sync="TRUE">254</attwidth><atprecis Sync="TRUE">0</atprecis><attscale Sync="TRUE">0</attscale></attr><attr><attrlabl Sync="TRUE">Imp</attrlabl><attalias Sync="TRUE">Imp</attalias><attrtype Sync="TRUE">Integer</attrtype><attwidth Sync="TRUE">10</attwidth><atprecis Sync="TRUE">10</atprecis><attscale Sync="TRUE">0</attscale></attr><attr><attrlabl Sync="TRUE">asuminenHi</attrlabl><attalias Sync="TRUE">asuminenHi</attalias><attrtype Sync="TRUE">String</attrtype><attwidth Sync="TRUE">254</attwidth><atprecis Sync="TRUE">0</atprecis><attscale Sync="TRUE">0</attscale></attr><attr><attrlabl Sync="TRUE">histHavina</attrlabl><attalias Sync="TRUE">histHavina</attalias><attrtype Sync="TRUE">String</attrtype><attwidth Sync="TRUE">254</attwidth><atprecis Sync="TRUE">0</atprecis><attscale Sync="TRUE">0</attscale></attr><attr><attrlabl Sync="TRUE">rakennusTi</attrlabl><attalias Sync="TRUE">rakennusTi</attalias><attrtype Sync="TRUE">String</attrtype><attwidth Sync="TRUE">254</attwidth><atprecis Sync="TRUE">0</atprecis><attscale Sync="TRUE">0</attscale></attr><attr><attrlabl Sync="TRUE">rakennusVa</attrlabl><attalias Sync="TRUE">rakennusVa</attalias><attrtype Sync="TRUE">String</attrtype><attwidth Sync="TRUE">254</attwidth><atprecis Sync="TRUE">0</atprecis><attscale Sync="TRUE">0</attscale></attr><attr><attrlabl Sync="TRUE">ympariston</attrlabl><attalias Sync="TRUE">ympariston</attalias><attrtype Sync="TRUE">String</attrtype><attwidth Sync="TRUE">254</attwidth><atprecis Sync="TRUE">0</atprecis><attscale Sync="TRUE">0</attscale></attr><attr><attrlabl Sync="TRUE">ympVaikutu</attrlabl><attalias Sync="TRUE">ympVaikutu</attalias><attrtype Sync="TRUE">String</attrtype><attwidth Sync="TRUE">254</attwidth><atprecis Sync="TRUE">0</atprecis><attscale Sync="TRUE">0</attscale></attr><attr><attrlabl Sync="TRUE">ympViimeis</attrlabl><attalias Sync="TRUE">ympViimeis</attalias><attrtype Sync="TRUE">String</attrtype><attwidth Sync="TRUE">254</attwidth><atprecis Sync="TRUE">0</atprecis><attscale Sync="TRUE">0</attscale></attr><attr><attrlabl Sync="TRUE">elav</attrlabl><attalias Sync="TRUE">elav</attalias><attrtype Sync="TRUE">String</attrtype><attwidth Sync="TRUE">254</attwidth><atprecis Sync="TRUE">0</atprecis><attscale Sync="TRUE">0</attscale></attr><attr><attrlabl Sync="TRUE">kuts</attrlabl><attalias Sync="TRUE">kuts</attalias><attrtype Sync="TRUE">String</attrtype><attwidth Sync="TRUE">254</attwidth><atprecis Sync="TRUE">0</atprecis><attscale Sync="TRUE">0</attscale></attr><attr><attrlabl Sync="TRUE">lapsysta</attrlabl><attalias Sync="TRUE">lapsysta</attalias><attrtype Sync="TRUE">String</attrtype><attwidth Sync="TRUE">254</attwidth><atprecis Sync="TRUE">0</atprecis><attscale Sync="TRUE">0</attscale></attr><attr><attrlabl Sync="TRUE">luonlahe</attrlabl><attalias Sync="TRUE">luonlahe</attalias><attrtype Sync="TRUE">String</attrtype><attwidth Sync="TRUE">254</attwidth><atprecis Sync="TRUE">0</atprecis><attscale Sync="TRUE">0</attscale></attr><attr><attrlabl Sync="TRUE">meluhilj</attrlabl><attalias Sync="TRUE">meluhilj</attalias><attrtype Sync="TRUE">String</attrtype><attwidth Sync="TRUE">254</attwidth><atprecis Sync="TRUE">0</atprecis><attscale Sync="TRUE">0</attscale></attr><attr><attrlabl Sync="TRUE">rauh</attrlabl><attalias Sync="TRUE">rauh</attalias><attrtype Sync="TRUE">String</attrtype><attwidth Sync="TRUE">254</attwidth><atprecis Sync="TRUE">0</atprecis><attscale Sync="TRUE">0</attscale></attr><attr><attrlabl Sync="TRUE">saas</attrlabl><attalias Sync="TRUE">saas</attalias><attrtype Sync="TRUE">String</attrtype><attwidth Sync="TRUE">254</attwidth><atprecis Sync="TRUE">0</atprecis><attscale Sync="TRUE">0</attscale></attr><attr><attrlabl Sync="TRUE">ylla</attrlabl><attalias Sync="TRUE">ylla</attalias><attrtype Sync="TRUE">String</attrtype><attwidth Sync="TRUE">254</attwidth><atprecis Sync="TRUE">0</atprecis><attscale Sync="TRUE">0</attscale></attr></detailed></eainfo><mdDateSt Sync="TRUE">20190912</mdDateSt></metadata>
